image_name,Type_1,Type_2,Type_3
0.jpg,0.0058030593209,0.978336215019,0.0158606059849
1.jpg,0.0784487202764,0.794804632664,0.126746758819
2.jpg,0.269183516502,0.655147373676,0.0756691098213
3.jpg,0.0188518390059,0.708232939243,0.272915184498
4.jpg,0.00433645071462,0.128266260028,0.86739730835
5.jpg,0.0732863619924,0.9116294384,0.0150842061266
6.jpg,0.268010824919,0.711532473564,0.020456712693
7.jpg,0.158590227365,0.770718753338,0.0706910043955
8.jpg,0.158001467586,0.402492165565,0.439506441355
9.jpg,0.0552115775645,0.584537029266,0.36025133729
10.jpg,0.588919699192,0.41016164422,0.000918636273127
11.jpg,0.044559199363,0.754886746407,0.200554072857
12.jpg,0.0188327953219,0.14897583425,0.832191348076
13.jpg,0.0498448088765,0.345347434282,0.604807734489
14.jpg,0.0482281073928,0.493375450373,0.458396375179
15.jpg,0.00576097564772,0.591407060623,0.402831882238
16.jpg,0.0202299114317,0.833405256271,0.146364927292
17.jpg,0.743542909622,0.252608805895,0.00384831125848
18.jpg,0.148382246494,0.839098334312,0.0125194163993
19.jpg,0.03600198403,0.333726704121,0.63027125597
20.jpg,0.476363688707,0.518471240997,0.00516508985311
21.jpg,0.117438338697,0.878537774086,0.00402387883514
22.jpg,0.133590325713,0.726303458214,0.140106260777
23.jpg,0.0889478176832,0.27346765995,0.63758456707
24.jpg,0.118670903146,0.798304080963,0.0830249935389
25.jpg,0.173924386501,0.647177278996,0.178898319602
26.jpg,0.321797221899,0.676848948002,0.00135386292823
27.jpg,0.0231666378677,0.50339871645,0.473434656858
28.jpg,0.259313136339,0.729343116283,0.01134374924
29.jpg,0.00576945673674,0.230239421129,0.763991117477
30.jpg,0.89649116993,0.0978532806039,0.00565555458888
31.jpg,0.144634485245,0.791692376137,0.0636730790138
32.jpg,0.00801540818065,0.867481470108,0.124503113329
33.jpg,0.18487739563,0.455598145723,0.359524428844
34.jpg,0.66543161869,0.140844032168,0.193724378943
35.jpg,0.130698561668,0.801676869392,0.0676246210933
36.jpg,0.197351157665,0.795386254787,0.00726266345009
37.jpg,0.102212533355,0.402671843767,0.495115667582
38.jpg,0.090735130012,0.796095788479,0.113169059157
39.jpg,0.0144688552245,0.28533962369,0.700191497803
40.jpg,0.113791413605,0.0812887176871,0.80491989851
41.jpg,0.0138213653117,0.846107959747,0.1400706321
42.jpg,0.0695232823491,0.897185564041,0.0332910940051
43.jpg,0.0418312363327,0.542997300625,0.415171384811
44.jpg,0.0163333918899,0.478635281324,0.505031347275
45.jpg,0.156772822142,0.245761826634,0.597465395927
46.jpg,0.0706612542272,0.0933769866824,0.83596175909
47.jpg,0.24330227077,0.735217809677,0.021479871124
48.jpg,0.00663402164355,0.0748108997941,0.918555080891
49.jpg,0.0152710843831,0.428851515055,0.555877387524
50.jpg,0.0486303642392,0.653061151505,0.298308521509
51.jpg,0.857385218143,0.138354018331,0.00426071416587
52.jpg,0.0124754570425,0.494471788406,0.493052750826
53.jpg,0.0261139441282,0.110223144293,0.863662838936
54.jpg,0.0083185499534,0.458016306162,0.533665180206
55.jpg,0.0540887229145,0.206408426166,0.739502847195
56.jpg,0.149559736252,0.794352054596,0.0560881830752
57.jpg,0.167770475149,0.645384252071,0.186845198274
58.jpg,0.0184805486351,0.538080155849,0.443439275026
59.jpg,0.217067167163,0.779756963253,0.00317590590566
60.jpg,0.0736375078559,0.884317338467,0.0420451983809
61.jpg,0.0905512571335,0.900680363178,0.00876845326275
62.jpg,0.02678229101,0.872111797333,0.101105876267
63.jpg,0.339056909084,0.605231404305,0.0557117052376
64.jpg,0.467525154352,0.497141629457,0.0353332385421
65.jpg,0.205822572112,0.676526904106,0.11765050143
66.jpg,0.00976204778999,0.126030057669,0.864207923412
67.jpg,0.0636460408568,0.497081965208,0.439271986485
68.jpg,0.208376958966,0.658254683018,0.133368358016
69.jpg,0.385738790035,0.372402071953,0.241859182715
70.jpg,0.100065462291,0.85880869627,0.0411258228123
71.jpg,0.0668198242784,0.903401136398,0.0297790747136
72.jpg,0.169246017933,0.782609701157,0.0481442697346
73.jpg,0.00233509717509,0.808941781521,0.188723102212
74.jpg,0.0227484833449,0.751247882843,0.226003587246
75.jpg,0.0454882383347,0.90890866518,0.0456031821668
76.jpg,0.00913008861244,0.366021543741,0.624848365784
77.jpg,0.0734361484647,0.512920439243,0.413643330336
78.jpg,0.0328353755176,0.227288037539,0.739876568317
79.jpg,0.1917065382,0.804660022259,0.00363350962289
80.jpg,0.0328236930072,0.500888228416,0.46628805995
81.jpg,0.0321783423424,0.795390486717,0.17243117094
82.jpg,0.203475266695,0.761271178722,0.0352535508573
83.jpg,0.0347751937807,0.033822786063,0.931402027607
84.jpg,0.627033174038,0.353337287903,0.0196294914931
85.jpg,0.213313564658,0.764813899994,0.0218725483865
86.jpg,0.0220525413752,0.0833045467734,0.894642829895
87.jpg,0.00418604770675,0.0553268752992,0.940487086773
88.jpg,0.155276149511,0.84110814333,0.00361570878886
89.jpg,0.0301872529089,0.143789067864,0.826023638248
90.jpg,0.0960536897182,0.670475542545,0.233470723033
91.jpg,0.362972587347,0.630436122417,0.00659127160907
92.jpg,0.0412486977875,0.312093168497,0.646658182144
93.jpg,0.247977495193,0.626429796219,0.125592678785
94.jpg,0.091389708221,0.842086672783,0.0665235891938
95.jpg,0.0996152684093,0.752978682518,0.147406086326
96.jpg,0.0804678723216,0.83432996273,0.0852021425962
97.jpg,0.0758226513863,0.131115779281,0.793061554432
98.jpg,0.355609893799,0.627277731895,0.0171123221517
99.jpg,0.0116283958778,0.104807451367,0.883564174175
100.jpg,0.0934773236513,0.883281767368,0.0232408829033
101.jpg,0.129023253918,0.707929849625,0.163046881557
102.jpg,0.433351278305,0.417945802212,0.148702949286
103.jpg,0.139239162207,0.824901759624,0.0358591079712
104.jpg,0.131076827645,0.428288310766,0.440634906292
105.jpg,0.00918184407055,0.319419026375,0.671399116516
106.jpg,0.0739825218916,0.853281617165,0.0727359056473
107.jpg,0.0059959855862,0.2689191401,0.725084841251
108.jpg,0.0453273616731,0.685444056988,0.269228577614
109.jpg,0.00347045157105,0.060488216579,0.936041355133
110.jpg,0.0320026986301,0.916900575161,0.0510966815054
111.jpg,0.0435637868941,0.592823266983,0.36361297965
112.jpg,0.0138898501173,0.939357161522,0.0467529185116
113.jpg,0.20779389143,0.724329352379,0.0678767710924
114.jpg,0.02037265338,0.613066613674,0.366560697556
115.jpg,0.0237561892718,0.790107250214,0.186136513948
116.jpg,0.142971128225,0.621591448784,0.235437348485
117.jpg,0.531222999096,0.466888725758,0.00188827491365
118.jpg,0.0505785606802,0.499493449926,0.449928015471
119.jpg,0.238023996353,0.328278154135,0.433697849512
120.jpg,0.280826091766,0.699566304684,0.019607629627
121.jpg,0.0531346909702,0.709816455841,0.237048774958
122.jpg,0.0242002382874,0.26121878624,0.714580953121
123.jpg,0.133816048503,0.757048666477,0.109135232866
124.jpg,0.00985038559884,0.803160429001,0.186989277601
125.jpg,0.00656874664128,0.0607095882297,0.932721734047
126.jpg,0.400580585003,0.573224663734,0.0261947885156
127.jpg,0.187757030129,0.510348796844,0.301894247532
128.jpg,0.669227600098,0.330067038536,0.000705337733962
129.jpg,0.0208444483578,0.970502793789,0.00865273550153
130.jpg,0.256069362164,0.689561665058,0.0543689467013
131.jpg,0.0379162356257,0.212107405066,0.749976396561
132.jpg,0.0838880091906,0.842132627964,0.073979280889
133.jpg,0.0117365866899,0.305228322744,0.683035075665
134.jpg,0.171855792403,0.811281621456,0.0168625693768
135.jpg,0.0216540843248,0.255701899529,0.722644031048
136.jpg,0.204188168049,0.759092092514,0.03671977669
137.jpg,0.0194989442825,0.9047716856,0.075729303062
138.jpg,0.0255060326308,0.657744050026,0.316749870777
139.jpg,0.590820491314,0.39927431941,0.00990524794906
140.jpg,0.236166253686,0.642089962959,0.121743761003
141.jpg,0.165201663971,0.607221126556,0.227577194571
142.jpg,0.711392223835,0.282870084047,0.00573766604066
143.jpg,0.00388998747803,0.0656633749604,0.930446624756
144.jpg,0.22474604845,0.764728069305,0.0105259567499
145.jpg,0.050004620105,0.550597727299,0.399397671223
146.jpg,0.0847191810608,0.887667894363,0.0276129692793
147.jpg,0.0235558561981,0.746194064617,0.230249971151
148.jpg,0.169307976961,0.183658182621,0.647033810616
149.jpg,0.107679516077,0.363412439823,0.528908073902
150.jpg,0.314148813486,0.681551814079,0.00429932959378
151.jpg,0.100041732192,0.786520838737,0.113437496126
152.jpg,0.03080794774,0.829737067223,0.139455005527
153.jpg,0.0365504398942,0.484288334846,0.479161262512
154.jpg,0.429103285074,0.569856822491,0.00103992130607
155.jpg,0.184745058417,0.737196683884,0.0780582651496
156.jpg,0.0897194668651,0.132777437568,0.777503073215
157.jpg,0.0390544906259,0.939002633095,0.0219429302961
158.jpg,0.0237941201776,0.5551019907,0.421103894711
159.jpg,0.0896230861545,0.799964845181,0.110412105918
160.jpg,0.134549498558,0.850939691067,0.014510769397
161.jpg,0.0335294120014,0.933150529861,0.0333201438189
162.jpg,0.173745363951,0.738589823246,0.0876647979021
163.jpg,0.240928724408,0.359441131353,0.399630129337
164.jpg,0.0816150903702,0.515607476234,0.402777463198
165.jpg,0.144468963146,0.849294304848,0.00623668683693
166.jpg,0.338250666857,0.561567544937,0.10018170625
167.jpg,0.009974880144,0.316200643778,0.673824489117
168.jpg,0.0721887648106,0.898476004601,0.0293352697045
169.jpg,0.0969643890858,0.84740281105,0.0556327737868
170.jpg,0.109192289412,0.547689795494,0.343117922544
171.jpg,0.549655079842,0.295074284077,0.155270561576
172.jpg,0.099519893527,0.474862217903,0.425617843866
173.jpg,0.00616712449118,0.0455496385694,0.948283195496
174.jpg,0.164750024676,0.829670190811,0.0055797835812
175.jpg,0.0610019080341,0.519336223602,0.419661879539
176.jpg,0.058202829212,0.564670503139,0.37712675333
177.jpg,0.209471017122,0.770688712597,0.0198402814567
178.jpg,0.0393533445895,0.443570435047,0.517076253891
179.jpg,0.0899517685175,0.908114910126,0.00193333323114
180.jpg,0.1996114254,0.475988328457,0.324400246143
181.jpg,0.0554912500083,0.424990177155,0.519518554211
182.jpg,0.0545228794217,0.451527327299,0.493949860334
183.jpg,0.170198112726,0.700690329075,0.129111543298
184.jpg,0.0186227336526,0.53638780117,0.444989472628
185.jpg,0.139262095094,0.790806293488,0.0699316114187
186.jpg,0.0495091751218,0.852026581764,0.0984642952681
187.jpg,0.0469536967576,0.713713049889,0.23933327198
188.jpg,0.0402564369142,0.0592093318701,0.900534272194
189.jpg,0.444052308798,0.523937523365,0.0320100821555
190.jpg,0.0711935982108,0.914227902889,0.0145784914494
191.jpg,0.0125238215551,0.14935965836,0.838116526604
192.jpg,0.0516672097147,0.132765620947,0.815567135811
193.jpg,0.105877898633,0.865903496742,0.0282185673714
194.jpg,0.00701718078926,0.0880432501435,0.904939591885
195.jpg,0.0292641073465,0.957407057285,0.0133289145306
196.jpg,0.554926872253,0.442322939634,0.00275015411898
197.jpg,0.056446403265,0.917134046555,0.0264195166528
198.jpg,0.00408134516329,0.0912284553051,0.904690206051
199.jpg,0.0117838904262,0.691566228867,0.296649843454
200.jpg,0.131094366312,0.680367410183,0.188538223505
201.jpg,0.451368868351,0.428217351437,0.120413772762
202.jpg,0.0322334170341,0.560052871704,0.407713711262
203.jpg,0.0238256659359,0.396586060524,0.579588294029
204.jpg,0.0202825181186,0.060336265713,0.919381201267
205.jpg,0.0257667992264,0.539092361927,0.435140818357
206.jpg,0.226838320494,0.698140203953,0.0750214681029
207.jpg,0.0854422599077,0.254963517189,0.659594237804
208.jpg,0.0273994170129,0.81783425808,0.154766261578
209.jpg,0.0403999201953,0.14861536026,0.810984671116
210.jpg,0.0484423302114,0.290010780096,0.661546885967
211.jpg,0.123493783176,0.75459843874,0.121907792985
212.jpg,0.0296257976443,0.745691180229,0.224683061242
213.jpg,0.025779383257,0.223341062665,0.750879585743
214.jpg,0.0413347445428,0.94947052002,0.00919481087476
215.jpg,0.146997004747,0.849801421165,0.00320164207369
216.jpg,0.133040890098,0.838572442532,0.0283866915852
217.jpg,0.676281988621,0.323120981455,0.000596968922764
218.jpg,0.030215125531,0.944508314133,0.0252765510231
219.jpg,0.051554210484,0.16126216948,0.787183642387
220.jpg,0.158970013261,0.685038506985,0.155991539359
221.jpg,0.00696251075715,0.8149061203,0.178131312132
222.jpg,0.0216317828745,0.104286104441,0.87408208847
223.jpg,0.0154456375167,0.371167361736,0.613387048244
224.jpg,0.0709933117032,0.27590405941,0.653102636337
225.jpg,0.00379989366047,0.948483943939,0.047716204077
226.jpg,0.0276262704283,0.312985062599,0.659388661385
227.jpg,0.0659895837307,0.868447780609,0.0655626431108
228.jpg,0.0325212702155,0.77534288168,0.192135840654
229.jpg,0.0421925000846,0.480317890644,0.477489560843
230.jpg,0.0313393510878,0.911800146103,0.0568603985012
231.jpg,0.493895709515,0.502090573311,0.004013676662
232.jpg,0.0833408683538,0.277241319418,0.639417827129
233.jpg,0.80443662405,0.193157032132,0.00240633799694
234.jpg,0.0212230011821,0.348438501358,0.630338490009
235.jpg,0.058891043067,0.905494213104,0.0356147438288
236.jpg,0.0152697879821,0.475216329098,0.509513795376
237.jpg,0.187834113836,0.406676113605,0.405489832163
238.jpg,0.0194973386824,0.174375146627,0.806127488613
239.jpg,0.0600311644375,0.604435741901,0.335533112288
240.jpg,0.00764174805954,0.188819304109,0.8035389781
241.jpg,0.584582805634,0.321330219507,0.0940868705511
242.jpg,0.124590106308,0.546440005302,0.328969836235
243.jpg,0.688254058361,0.311548858881,0.000197073852178
244.jpg,0.154701903462,0.698355674744,0.146942436695
245.jpg,0.130162298679,0.845265209675,0.0245724767447
246.jpg,0.0130263278261,0.95480877161,0.0321648940444
247.jpg,0.074188478291,0.137754932046,0.788056612015
248.jpg,0.016725435853,0.433056861162,0.550217747688
249.jpg,0.00510353408754,0.0847585648298,0.910137891769
250.jpg,0.0130232973024,0.985987961292,0.000988708576187
251.jpg,0.139514490962,0.656092882156,0.204392597079
252.jpg,0.00433907890692,0.210897997022,0.784762918949
253.jpg,0.0382242240012,0.896410167217,0.0653656795621
254.jpg,0.00516564073041,0.112123653293,0.882710695267
255.jpg,0.0260477364063,0.703058183193,0.270894140005
256.jpg,0.0721357166767,0.18138435483,0.746479928493
257.jpg,0.174334704876,0.774657845497,0.0510074868798
258.jpg,0.0419876761734,0.768102526665,0.189909845591
259.jpg,0.019672665745,0.734934091568,0.245393276215
260.jpg,0.0866702497005,0.776128053665,0.137201711535
261.jpg,0.316741555929,0.67327195406,0.00998647231609
262.jpg,0.100722946227,0.637511014938,0.261766076088
263.jpg,0.411122888327,0.38482683897,0.204050287604
264.jpg,0.0183621756732,0.281939804554,0.699698090553
265.jpg,0.0231404546648,0.282768517733,0.694091022015
266.jpg,0.0064637218602,0.296638190746,0.696898043156
267.jpg,0.0631810426712,0.649239420891,0.28757956624
268.jpg,0.28027972579,0.62203848362,0.0976818278432
269.jpg,0.141491219401,0.856536865234,0.00197185971774
270.jpg,0.0205793268979,0.308169811964,0.671250879765
271.jpg,0.14518558979,0.486000627279,0.368813753128
272.jpg,0.287052184343,0.46142411232,0.251523733139
273.jpg,0.0128277819604,0.393639117479,0.593533158302
274.jpg,0.0178962275386,0.864424526691,0.117679253221
275.jpg,0.012282865122,0.205291330814,0.782425820827
276.jpg,0.0349182412028,0.355445414782,0.609636366367
277.jpg,0.0382995456457,0.944941222668,0.0167592372745
278.jpg,0.00558553263545,0.858415782452,0.13599871099
279.jpg,0.0566237270832,0.69175195694,0.251624375582
280.jpg,0.0607489645481,0.825080215931,0.114170819521
281.jpg,0.0766601711512,0.543584108353,0.3797557652
282.jpg,0.0361564233899,0.87294459343,0.0908990353346
283.jpg,0.0732035338879,0.254400491714,0.6723960042
284.jpg,0.00459443265572,0.263363033533,0.732042551041
285.jpg,0.3348723948,0.65893048048,0.00619714567438
286.jpg,0.10613335669,0.830123901367,0.063742749393
287.jpg,0.00916125625372,0.138021990657,0.852816700935
288.jpg,0.0204381011426,0.95146304369,0.0280989315361
289.jpg,0.159046888351,0.771866083145,0.0690870285034
290.jpg,0.129299223423,0.426779359579,0.443921416998
291.jpg,0.367455095053,0.598728060722,0.0338168926537
292.jpg,0.00395934609696,0.134922653437,0.861117959023
293.jpg,0.454919725657,0.523837029934,0.0212432276458
294.jpg,0.190378710628,0.776739478111,0.0328818522394
295.jpg,0.235962867737,0.66298276186,0.101054348052
296.jpg,0.0789798349142,0.72598361969,0.195036515594
297.jpg,0.423664450645,0.56736946106,0.00896614883095
298.jpg,0.187146097422,0.765742480755,0.0471113957465
299.jpg,0.0578817911446,0.869400382042,0.0727177262306
300.jpg,0.53099912405,0.4472425282,0.0217583924532
301.jpg,0.0505430586636,0.808116734028,0.141340270638
302.jpg,0.00250356015749,0.78812032938,0.209376096725
303.jpg,0.255644530058,0.622011482716,0.122344024479
304.jpg,0.708676338196,0.290783464909,0.000540253939107
305.jpg,0.0951863974333,0.83263784647,0.0721757337451
306.jpg,0.105937898159,0.644283473492,0.249778598547
307.jpg,0.00965096335858,0.0584559328854,0.931893110275
308.jpg,0.109202310443,0.885362505913,0.00543513149023
309.jpg,0.0849466472864,0.658546805382,0.256506592035
310.jpg,0.0196252763271,0.4615432024,0.518831431866
311.jpg,0.00494191981852,0.0395474284887,0.955510675907
312.jpg,0.246898263693,0.59927880764,0.153822928667
313.jpg,0.0107460068539,0.190531522036,0.798722445965
314.jpg,0.384965032339,0.519811213017,0.0952237322927
315.jpg,0.194534927607,0.776773154736,0.028691874817
316.jpg,0.128721475601,0.816726148129,0.0545524358749
317.jpg,0.228662982583,0.401517421007,0.369819551706
318.jpg,0.240978688002,0.753171205521,0.00585013022646
319.jpg,0.0104117626324,0.775889754295,0.213698521256
320.jpg,0.0592963322997,0.931552827358,0.00915083941072
321.jpg,0.0572030209005,0.416964739561,0.525832235813
322.jpg,0.135729521513,0.371046602726,0.493223905563
323.jpg,0.0319692529738,0.752236843109,0.21579387784
324.jpg,0.267252087593,0.632377326488,0.100370593369
325.jpg,0.0777135416865,0.389001041651,0.533285439014
326.jpg,0.0270025003701,0.476967871189,0.496029555798
327.jpg,0.0159652736038,0.0967561453581,0.887278616428
328.jpg,0.0256055146456,0.701614201069,0.272780269384
329.jpg,0.149416133761,0.396684467793,0.453899383545
330.jpg,0.0784121230245,0.842341005802,0.0792468041182
331.jpg,0.384875297546,0.606113672256,0.00901108141989
332.jpg,0.10582382977,0.321524649858,0.572651565075
333.jpg,0.0290381927043,0.432208687067,0.538753211498
334.jpg,0.0335615053773,0.172709718347,0.793728768826
335.jpg,0.159279316664,0.206791236997,0.633929431438
336.jpg,0.691498160362,0.306138902903,0.00236291019246
337.jpg,0.0158455073833,0.880779266357,0.103375166655
338.jpg,0.0214712750167,0.974817991257,0.00371071253903
339.jpg,0.079063385725,0.271634250879,0.649302363396
340.jpg,0.107879154384,0.828527092934,0.0635937154293
341.jpg,0.227553471923,0.745405852795,0.0270406901836
342.jpg,0.168178856373,0.297789305449,0.534031808376
343.jpg,0.0378300435841,0.20632635057,0.755843639374
344.jpg,0.43351444602,0.50982350111,0.0566620230675
345.jpg,0.322488814592,0.666018188,0.0114928791299
346.jpg,0.31650274992,0.610628962517,0.0728683620691
347.jpg,0.156524971128,0.800089359283,0.0433857105672
348.jpg,0.18107624352,0.293667167425,0.525256633759
349.jpg,0.0291410163045,0.774198949337,0.196660101414
350.jpg,0.15096026659,0.615719377995,0.233320325613
351.jpg,0.0811705887318,0.740685641766,0.178143829107
352.jpg,0.033689558506,0.825259685516,0.141050770879
353.jpg,0.000390125467675,0.029390534386,0.970219373703
354.jpg,0.280570805073,0.709373056889,0.0100561808795
355.jpg,0.341578930616,0.622808039188,0.0356130413711
356.jpg,0.641789674759,0.344690740108,0.0135196177289
357.jpg,0.0331705920398,0.401702642441,0.565126717091
358.jpg,0.145831495523,0.672425448895,0.181743085384
359.jpg,0.0991051793098,0.524881243706,0.37601351738
360.jpg,0.0746335536242,0.913411915302,0.0119545059279
361.jpg,0.0188844688237,0.0957455411553,0.885370016098
362.jpg,0.0342660844326,0.822768509388,0.142965361476
363.jpg,0.0226968992501,0.334699630737,0.642603397369
364.jpg,0.0522210597992,0.49387678504,0.453902095556
365.jpg,0.0494925938547,0.763705670834,0.186801746488
366.jpg,0.031497951597,0.636945486069,0.331556558609
367.jpg,0.384797126055,0.604715466499,0.0104874288663
368.jpg,0.271906137466,0.107966557145,0.620127260685
369.jpg,0.0464318692684,0.860574662685,0.0929935052991
370.jpg,0.0404397509992,0.591684043407,0.367876201868
371.jpg,0.191537305713,0.805983006954,0.00247978046536
372.jpg,0.0358851291239,0.278430908918,0.685683965683
373.jpg,0.0283987559378,0.962592542171,0.00900871120393
374.jpg,0.0458593592048,0.768202066422,0.185938552022
375.jpg,0.154015943408,0.843126833439,0.0028572732117
376.jpg,0.0425954833627,0.514335751534,0.443068772554
377.jpg,0.085540369153,0.90673148632,0.00772819714621
378.jpg,0.0207985453308,0.130093708634,0.84910774231
379.jpg,0.0152604142204,0.380115509033,0.604624032974
380.jpg,0.0488067157567,0.729551613331,0.22164157033
381.jpg,0.235652551055,0.729599654675,0.034747749567
382.jpg,0.598159968853,0.400841236115,0.000998763134703
383.jpg,0.0271592736244,0.758159697056,0.214681059122
384.jpg,0.00730675831437,0.107449509203,0.88524377346
385.jpg,0.0307769589126,0.625399529934,0.343823581934
386.jpg,0.00566242076457,0.123274415731,0.871063113213
387.jpg,0.00598315196112,0.222787424922,0.771229445934
388.jpg,0.0373108498752,0.235512420535,0.727176725864
389.jpg,0.338222444057,0.617353141308,0.0444243960083
390.jpg,0.0612906366587,0.593803465366,0.344905883074
391.jpg,0.0341960601509,0.148220956326,0.817582964897
392.jpg,0.0787639394403,0.806731760502,0.114504285157
393.jpg,0.0231681149453,0.366984128952,0.609847843647
394.jpg,0.262022316456,0.663481831551,0.074495844543
395.jpg,0.0713149234653,0.799729645252,0.128955483437
396.jpg,0.012160571292,0.899923980236,0.0879154503345
397.jpg,0.105319164693,0.855435609818,0.0392451919615
398.jpg,0.00862884148955,0.243911728263,0.747459411621
399.jpg,0.0725148841739,0.778078019619,0.149407029152
400.jpg,0.0571249909699,0.218204855919,0.724670171738
401.jpg,0.16620118916,0.669602930546,0.164195910096
402.jpg,0.0637671127915,0.909610807896,0.0266220699996
403.jpg,0.137615352869,0.824133217335,0.0382514446974
404.jpg,0.052042093128,0.934385478497,0.0135724535212
405.jpg,0.142570391297,0.828570604324,0.0288590379059
406.jpg,0.0252972319722,0.972967684269,0.00173515989445
407.jpg,0.0390894114971,0.956137239933,0.00477337604389
408.jpg,0.00579274492338,0.25885823369,0.7353489995
409.jpg,0.00871435180306,0.206121295691,0.785164356232
410.jpg,0.0610701851547,0.873959183693,0.0649705976248
411.jpg,0.0511036887765,0.308023333549,0.640872955322
412.jpg,0.0390151888132,0.370508164167,0.590476632118
413.jpg,0.0132358092815,0.2578112185,0.728952944279
414.jpg,0.0482679344714,0.411522388458,0.540209710598
415.jpg,0.0642342120409,0.90658557415,0.029180245474
416.jpg,0.143689647317,0.840841710567,0.0154686393216
417.jpg,0.586532533169,0.353970557451,0.0594968497753
418.jpg,0.0321180149913,0.639564275742,0.328317701817
419.jpg,0.469224780798,0.480355471373,0.0504197701812
420.jpg,0.00825102347881,0.135801762342,0.855947196484
421.jpg,0.0358832851052,0.319232404232,0.644884228706
422.jpg,0.00137495214585,0.159334599972,0.839290440083
423.jpg,0.000879654893652,0.217009469867,0.782110929489
424.jpg,0.0910829752684,0.409700393677,0.499216586351
425.jpg,0.0043564196676,0.016883822158,0.97875970602
426.jpg,0.0224053617567,0.86957025528,0.108024336398
427.jpg,0.0567569583654,0.421196520329,0.522046506405
428.jpg,0.0214448571205,0.854051530361,0.124503619969
429.jpg,0.00666818208992,0.20655053854,0.786781311035
430.jpg,0.041592694819,0.254330843687,0.70407640934
431.jpg,0.78239685297,0.217457562685,0.000145617203088
432.jpg,0.0014004841214,0.0696784183383,0.928921103477
433.jpg,0.182817205787,0.424478381872,0.392704367638
434.jpg,0.221806883812,0.421122819185,0.357070326805
435.jpg,0.0986497476697,0.464448034763,0.436902195215
436.jpg,0.157616153359,0.470512419939,0.371871441603
437.jpg,0.147496774793,0.735659241676,0.11684396863
438.jpg,0.0693641155958,0.746574223042,0.184061735868
439.jpg,0.0311011150479,0.496114820242,0.472784072161
440.jpg,0.0430900491774,0.370568871498,0.58634108305
441.jpg,0.0405203104019,0.878828167915,0.0806516110897
442.jpg,0.181725487113,0.814427793026,0.00384667166509
443.jpg,0.030515121296,0.740453243256,0.229031637311
444.jpg,0.124560177326,0.752968847752,0.122471034527
445.jpg,0.0658833757043,0.650408983231,0.283707678318
446.jpg,0.121134445071,0.852219223976,0.0266462676227
447.jpg,0.0205629672855,0.683031260967,0.296405792236
448.jpg,0.166614413261,0.591513454914,0.241872221231
449.jpg,0.124909564853,0.857786476612,0.0173039566725
450.jpg,0.00418836250901,0.108285032213,0.887526631355
451.jpg,0.0262520145625,0.901059985161,0.0726879686117
452.jpg,0.0483251176775,0.221392542124,0.730282366276
453.jpg,0.362924367189,0.635182738304,0.0018929092912
454.jpg,0.170003160834,0.697835028172,0.132161810994
455.jpg,0.0847386866808,0.410427927971,0.504833340645
456.jpg,0.26539260149,0.64010643959,0.0945008546114
457.jpg,0.822247922421,0.173210144043,0.00454189488664
458.jpg,0.179287463427,0.807160556316,0.0135519560426
459.jpg,0.295940697193,0.683404445648,0.0206547845155
460.jpg,0.185461193323,0.79109609127,0.0234427079558
461.jpg,0.0112386755645,0.882821500301,0.105939857662
462.jpg,0.0456940717995,0.899496018887,0.054809987545
463.jpg,0.12196970731,0.688581228256,0.189449027181
464.jpg,0.681643426418,0.31374552846,0.00461107725278
465.jpg,0.0251884367317,0.792060017586,0.182751521468
466.jpg,0.281210869551,0.683612346649,0.0351767279208
467.jpg,0.308529466391,0.480103701353,0.211366921663
468.jpg,0.193284809589,0.736495554447,0.0702195838094
469.jpg,0.0228887479752,0.496627449989,0.480483859777
470.jpg,0.0282846726477,0.804910778999,0.166804477572
471.jpg,0.0807890966535,0.874951839447,0.0442590080202
472.jpg,0.164360523224,0.270969361067,0.564670205116
473.jpg,0.16652546823,0.665885329247,0.167589262128
474.jpg,0.0755479931831,0.627711772919,0.296740204096
475.jpg,0.0360016226768,0.647555351257,0.316443055868
476.jpg,0.0601608902216,0.909723937511,0.0301151890308
477.jpg,0.101544186473,0.879339814186,0.019115999341
478.jpg,0.0781855732203,0.864044427872,0.0577700100839
479.jpg,0.0670437663794,0.274744778872,0.65821146965
480.jpg,0.196104928851,0.578013718128,0.22588133812
481.jpg,0.214714184403,0.606687486172,0.178598314524
482.jpg,0.127357393503,0.872396528721,0.000246090086875
483.jpg,0.753134489059,0.239994049072,0.00687146745622
484.jpg,0.0564246512949,0.763100028038,0.180475339293
485.jpg,0.110358767211,0.500871241093,0.388769924641
486.jpg,0.07664462924,0.340141117573,0.58321428299
487.jpg,0.158318117261,0.556056261063,0.28562566638
488.jpg,0.144169896841,0.670813202858,0.185016825795
489.jpg,0.208919808269,0.71524143219,0.0758388489485
490.jpg,0.0710099712014,0.677494704723,0.251495271921
491.jpg,0.0865625962615,0.340004056692,0.573433339596
492.jpg,0.404575198889,0.577544569969,0.0178802292794
493.jpg,0.245759427547,0.449584037066,0.304656535387
494.jpg,0.0380224995315,0.565033257008,0.396944284439
495.jpg,0.00287692132406,0.84822255373,0.148900523782
496.jpg,0.17784498632,0.749024510384,0.0731304958463
497.jpg,0.141051992774,0.39271491766,0.46623301506
498.jpg,0.0585494153202,0.552996337414,0.388454198837
499.jpg,0.0193852279335,0.380356609821,0.600258171558
500.jpg,0.0314731635153,0.948875844479,0.0196509938687
501.jpg,0.225422337651,0.772988200188,0.00158941117115
502.jpg,0.029006274417,0.250161290169,0.720832407475
503.jpg,0.00897613354027,0.498343914747,0.49268001318
504.jpg,0.0218325983733,0.174356654286,0.803810715675
505.jpg,0.360087633133,0.631860136986,0.00805223733187
506.jpg,0.651815474033,0.330785274506,0.0173992626369
507.jpg,0.0813849791884,0.776635348797,0.141979619861
508.jpg,0.0428276434541,0.258989691734,0.69818264246
509.jpg,0.432406812906,0.522939682007,0.0446534492075
510.jpg,0.00782809592783,0.177028536797,0.815143406391
511.jpg,0.0475188679993,0.452133893967,0.500347197056
